{"cameraMode":{"drawMode":0,"name":"Shaded","section":"Shading Mode"},"sceneLighting":false,"audioPlay":false,"sceneViewState":{"showFog":true,"showMaterialUpdate":false,"showSkybox":false,"showFlares":true,"showImageEffects":true,"showParticleSystems":true},"in2DMode":false,"pivot":{"x":0.7388731837272644,"y":-1.5486717224121094,"z":4.19273042678833},"rotation":{"x":0.20041947066783906,"y":0.15161173045635224,"z":-0.031406912952661517,"w":0.9674062728881836},"size":7.186131477355957,"orthographic":false}