{"cameraMode":{"drawMode":0,"name":"Shaded","section":"Shading Mode"},"sceneLighting":false,"audioPlay":false,"sceneViewState":{"showFog":true,"showMaterialUpdate":false,"showSkybox":false,"showFlares":true,"showImageEffects":true,"showParticleSystems":true},"in2DMode":false,"pivot":{"x":-0.587329626083374,"y":-0.3044682741165161,"z":0.4646086096763611},"rotation":{"x":0.1301955282688141,"y":-0.06062667444348335,"z":0.007993772625923157,"w":0.9896318912506104},"size":2.6605453491210939,"orthographic":false}