{"cameraMode":{"drawMode":0,"name":"Shaded","section":"Shading Mode"},"sceneLighting":true,"audioPlay":false,"sceneViewState":{"showFog":true,"showMaterialUpdate":false,"showSkybox":false,"showFlares":true,"showImageEffects":true,"showParticleSystems":true},"in2DMode":false,"pivot":{"x":-5.687620162963867,"y":-5.98930549621582,"z":23.92532730102539},"rotation":{"x":0.1464199721813202,"y":-0.06937182694673538,"z":0.010297608561813832,"w":0.9867645502090454},"size":40.010372161865237,"orthographic":false}